reviewId,userName,content,score,at,appVersion,app
ef992afc-cd92-4703-961f-7d793a0f8878,Raveen Kohli,Good,5,2026-09-22 15:25:55,10.83.12,Paytm
68794f17-37e1-4448-9aac-b0366d56e96a,Dr. Nihal Sawalha,"installed, but it doesn't recognize my country",5,2026-09-22 15:24:08,10.85.3,Paytm
ac903aa9-4763-42b7-b7df-85882c1f076b,Manshi Kumari,nice,5,2026-09-22 15:15:06,10.85.3,Paytm
7da1d769-06a3-49ae-973b-20729393883f,Anil Babu,op,5,2026-09-22 15:12:18,10.84.5,Paytm
5ee0c3cd-ba5c-49aa-9626-b112c393ee59,Niraj Dewda,good,5,2026-09-22 15:07:09,10.83.12,Paytm
475049d2-a20a-4543-be8d-f0d9592d3fc8,Prem Debnath,good,5,2026-09-22 15:00:57,10.85.3,Paytm
0d6a04de-3226-48e6-a633-fc9801a74116,Sk Siraj,very good,5,2026-09-22 14:57:54,10.83.12,Paytm
fb273ab8-5e33-4fdf-bb13-fd3356d3c928,Yashbiz Marketing,ok,5,2026-09-22 14:56:47,10.84.5,Paytm
82da07cf-7aec-4cdc-ae0f-470d569e5ef7,Deepak Kewat,done,2,2026-09-22 14:42:09,10.84.5,Paytm
87107d7d-c857-47f8-99a7-9d9de3cce9de,Dinesh Kumar,good 👍,5,2026-09-22 14:40:50,10.85.3,Paytm
f20d8eb2-e3cc-4b91-84aa-f47ef6bdaec5,Sandeep Singh,bast app of India,5,2026-09-22 14:40:21,10.83.12,Paytm
069e4022-415a-41cd-87ac-679f91826a38,Golthi Varahasatyadevi,🫰🫰🌷,5,2026-09-22 14:36:43,10.85.3,Paytm
89cc3f31-3b4e-4a41-ac47-4dca09718166,KUNAL SINGH,thank full app,5,2026-09-22 14:36:02,10.85.3,Paytm
1ed367fa-e4f5-4fa2-ad5a-e0a094c74a66,premkumar ramaswamy,Exclusive dearness,5,2026-09-22 14:30:11,10.85.3,Paytm
fbbc1375-69e6-4916-98ca-70e871e1ad8f,Social Poor Life,good,3,2026-09-22 14:29:57,10.85.3,Paytm
b8f08429-7669-48b3-984c-d3fbc3c74dc9,Ankita Gupta Ankita Gupta,good,5,2026-09-22 14:23:25,,Paytm
25c3fa1c-2f1f-41de-a945-2eb7f303e114,alex alex,good 👍😊,5,2026-09-22 14:20:09,10.85.3,Paytm
0e74915a-46df-4961-b255-1759d1bd4ae0,kaifi rizvi,taking recharge commission it is not good,3,2026-09-22 14:19:38,10.84.5,Paytm
d2f27147-7d54-42b6-9585-62207b79e3fb,Ratan Lal Raut,"very good apps for all people and easy transition, thank to Paytm",4,2026-09-22 14:04:51,10.85.3,Paytm
9d7a3ee3-ddae-4603-9abd-1f13af393bd8,Chinmay HR,super,5,2026-09-22 13:57:53,10.85.3,Paytm
23634bd7-7317-4dd9-8be1-eef40daaf0d3,Jabir Ansari,wow,5,2026-09-22 13:52:55,10.78.0,Paytm
54c1ed6e-6745-4127-b77d-3e7155d6dd0d,Prashant Panat,app.not working not open from last 3 days,4,2026-09-22 13:48:57,10.85.3,Paytm
27c2affc-2b38-4074-9cd9-1649f3ddbe2b,Soumya S,good,5,2026-09-22 13:43:24,10.85.3,Paytm
36df97e2-5dd2-4ba1-960a-9eb5e7bbe4f9,Jared Roderick,great,5,2026-09-22 13:39:34,10.85.3,Paytm
816888c5-e333-4dbc-9d3f-bfc4ba6e8686,Srinu Chappa,excellent,5,2026-09-22 13:38:09,10.83.12,Paytm
105d0f1f-6b6b-4b53-9a4d-bf1cb2a1de12,Abid Khan,nice,5,2026-09-22 13:34:07,10.85.3,Paytm
bf2f23d8-ddb7-4f07-8fc5-09a738c91009,Kumari Payal,good working,5,2026-09-22 13:31:51,10.85.3,Paytm
62690d59-16de-4e85-8783-d9b21b2d2fb0,Kiran Lebaliya,good,5,2026-09-22 13:25:45,10.84.5,Paytm
5a512f99-e3dc-4c54-9ec9-ab126480060c,Anuj Kumar,very nice,5,2026-09-22 13:21:15,10.85.3,Paytm
34d69516-9583-4955-8752-5a0801f87c2a,MITESH SINH,app is good,5,2026-09-22 13:16:42,10.83.12,Paytm
75c82702-3b75-420f-a427-5bc245315420,Sk Aalok,mast,5,2026-09-22 13:11:27,10.84.5,Paytm
0739ac8f-a324-4d11-bb90-28d8b7332c84,Santhosha Santhosha,good,5,2026-09-22 13:09:07,10.83.12,Paytm
63a46f5d-9f31-462e-9ba3-71bb5b4cd704,Soyab Ali,nice,5,2026-09-22 13:09:06,10.85.3,Paytm
b529e035-68b6-46a8-9dbe-a52a12dd002e,Desi Lok Manch,ok,5,2026-09-22 13:07:57,10.83.12,Paytm
101b0898-5657-4a73-861f-86906eb1db42,Parkash Sahu,bahut badiya app h ye wala paytm app ko atrikat charge nai leta hai Paytm,5,2026-09-22 13:04:58,10.85.3,Paytm
7628e9ba-d8c7-4496-8134-9f0cca3e46e3,Gurpej S,good,5,2026-09-22 12:54:52,10.83.12,Paytm
0edefbe5-6788-4198-9d9e-fe0c1c48ccdc,Vinay Kumar,hall,5,2026-09-22 12:54:13,,Paytm
3c326157-2969-4e60-a6d6-78363b19352b,Ajeet Sharma,"I love💿 the app! Thank you so much to every🙏🏻algorithms. You'd stop an entry and it'd be several🙏🏻seconds before it'd actually stop and those extra seconds are added too the entry. The app is soo much faster download. But now download faster and more stable. Not to mention being unable to use the app when it's syncing because it literally stops responding until it's done. This is syncing happens pretty much every time you open the app, start, stop, or edit an entry, so it was a real pain!!",5,2026-09-22 12:51:05,10.85.3,Paytm
8654754e-6eeb-45c0-bc6e-65d85d5d16e7,liby vinoj,👍,5,2026-09-22 12:49:48,10.85.3,Paytm
65afb9a5-5ffd-4957-88b9-f2afc5c74d36,Habibul Sah,NAVER USE THIS APP . MULTIPLE TIME CALL FOR LOAN I DON'T NEED BUT DAILY CALL ME AM DELETE THIS PAYTM APP,1,2026-09-22 12:49:25,10.35.1,Paytm
fe3ca1de-2cfb-4a16-aa63-8c7be3ade069,Ashrafi Ansari,ok,5,2026-09-22 12:48:40,10.85.3,Paytm
234efc6e-1080-42c3-890c-5b837a74e8f0,Koushik Roychowdhury,good 💯😊,5,2026-09-22 12:47:19,10.85.3,Paytm
f1813999-4874-4ba0-9706-3f6f662d5b4c,Sibanc Prasad,super,5,2026-09-22 12:43:33,10.85.3,Paytm
8d9f2b5e-3138-4c47-85ca-1f58e0727f65,Sknijam Sk,good,5,2026-09-22 12:42:44,10.85.3,Paytm
4533ced0-a99f-4b07-87cd-44799e6df782,Samim Khan,nice app 💯 for cashback,5,2026-09-22 12:42:01,10.85.3,Paytm
75b20b6b-c4b8-415f-b28c-365adc78371d,Kishorekumar B,Very very less cashback compared to other UPIs,3,2026-09-22 12:40:12,10.84.5,Paytm
8245fbcd-bed4-4a2c-99d4-2332daf17f91,Ratan Nandan,Nice really good 👍,5,2026-09-22 12:25:32,10.85.3,Paytm
b94db707-45c1-46b8-9e73-8c574a5ab03c,Rohan Patil,"I love💯 the app! But now💿 download faster and more stable. Not to mention being 💯unable to use the app when it's syncing because it literally stops responding until it's done. You'd stop an entry and it'd be several seconds before it'd actually stop and those extra seconds are added too the entry. Thank you so much to everyone algorithms. The app is soo much faster download. This is syncing happens pretty much every time you open the app, start, stop, or edit an entry, so it was a real pain??",5,2026-09-22 12:04:51,10.85.3,Paytm
83c70f38-fb1d-4567-9cf3-0514fc6e4834,Bhanu Reddy,everything is good .. but that weird sound when i make payment .. i Dont like and there is no option to turn off that sound .. until i turn on silent mode,2,2026-09-22 12:04:23,10.85.3,Paytm
94b98464-98db-457a-b970-4590f5fd0188,Aamir Shaikh,good😊👍,5,2026-09-22 12:02:48,10.85.3,Paytm
c8a37892-ea2f-4cb2-94af-a50c796814fd,Surekha Sethy,good,5,2026-09-22 12:01:37,10.85.3,Paytm
ee600cbb-b81d-4c6d-b533-93cd11851a99,Thapaswi Thapu,to worst app 😡😡😡😡😡😡😡😡😡,1,2026-09-22 11:59:03,10.84.5,Paytm
d00314ca-645c-47fc-85ca-e9d4257aa69f,mr. ayush Kumar,refer code ka Paisa nahin milta Hai,1,2026-09-22 11:58:58,,Paytm
cb731f40-4b8f-466b-86a3-1bba3c5926c9,muzeeb sd muzeeb,Nice App,5,2026-09-22 11:57:01,10.85.3,Paytm
726cdcaa-56d0-4ba0-bec5-94b1e269505c,Boya Rangaswamy,good app,5,2026-09-22 11:49:49,10.85.3,Paytm
bb76bb96-971c-4bdf-873c-0d8f6c9a9178,Mahendra yadav,good app,4,2026-09-22 11:46:40,10.83.12,Paytm
432f3a66-72c2-46f9-9ee4-ce27d693c05b,Uma shankar Gupta,🥲🥹☺️🥳🤭🤭🫠🤤🥹,1,2026-09-22 11:45:39,10.83.10,Paytm
6a7ef7cc-eeb6-4d8e-89b9-abd41202cd88,Hanuman Khadase,good,5,2026-09-22 11:44:40,10.85.3,Paytm
bf7ad628-2fbb-404c-83ca-16758cc309fc,Shrikant Yadav,good 👍,4,2026-09-22 11:43:38,,Paytm
676c8114-4d9c-46d6-8648-d8824b855e0d,Ravi Rajput,super,5,2026-09-22 11:41:50,,Paytm
395ee35f-7301-4514-b634-6e2c3c9c6ffe,Manish Jha,ghatiya aap hai yee pehle thik chalta tha but 2 month se security reason bata raha hai login hi nahin ho raha hai 🤬🤬,1,2026-09-22 11:40:05,10.85.3,Paytm
d892f4f3-8c19-4d4b-a3dc-45b646083e10,Jayash Agunde,वेरी गुड,5,2026-09-22 11:33:34,10.85.3,Paytm
d06c6569-7b42-4017-adba-8391bc292d76,Sunil Pal,login proble m aa rahi hai,1,2026-09-22 11:30:37,10.85.3,Paytm
e82e21ad-27e5-4415-b954-0bd55956bb95,Santosh Kumar,good 😊,5,2026-09-22 11:26:09,10.84.5,Paytm
519f382b-d933-45ee-8349-412b30ef59c3,Sri Vekith,GOOD 👍,5,2026-09-22 11:25:53,10.85.3,Paytm
e4e22bac-583d-4a0a-9a7e-ab4b7881e14c,Bishandev Sharma,bharat app,5,2026-09-22 11:20:47,10.85.3,Paytm
5844d931-9899-4080-a750-87c1e75c3788,Kuldeep varma,nice service Paytm,5,2026-09-22 11:19:21,10.83.12,Paytm
89699e7b-0399-45f6-bc3d-9e0134d66713,Shivdani,nice working 👍👍🤗🤗🤗💯,5,2026-09-22 11:11:10,10.85.3,Paytm
656aae58-a9ed-44b1-9240-837be722bc7b,Mufeez Ah,good,5,2026-09-22 10:57:30,10.85.3,Paytm
14e34747-64f9-47ac-8f98-cb9eef42e34d,syedhome,very good app sssss,5,2026-09-22 10:57:22,10.83.12,Paytm
152deb2e-33a9-41db-a46f-bacf9d346dfe,Mukesh Verma,tq so much 😃,5,2026-09-22 10:55:55,10.85.3,Paytm
f09a554e-7266-4466-9cf4-e701a030c79e,Agent Scorpio,"stop hiding the metro features. used to be accessible, now every week it gets placed inside another menu. or atleast create a widget/shortcut",2,2026-09-22 10:55:43,,Paytm
b4c49e3b-2b51-4b03-a93f-dcb9be83454b,Jyoti Jha,good 😊,5,2026-09-22 10:40:36,10.26.1,Paytm
871e2a87-c0e7-41c3-b173-21fde3bfa328,Ajijul Hoque,good,5,2026-09-22 10:39:56,10.85.3,Paytm
eb5fecee-c524-43e6-85c7-0cef75cd1e4f,Dileep Kumar,beast app,5,2026-09-22 10:39:52,10.85.3,Paytm
3452e995-141e-4130-9f69-177abfcf88ff,a to z milan das,Good 👍,5,2026-09-22 10:33:23,9.15.2,Paytm
29d46e41-2bd7-48f7-b559-e24756083e05,Ashok Kumar Srivastava,Good,5,2026-09-22 10:32:37,10.85.3,Paytm
b889df75-eefb-4fd8-99b5-e6336a153fed,Mubarak Pasha,very good,5,2026-09-22 10:31:10,10.85.3,Paytm
6e8ba5fe-07a9-4c64-bd37-7a7e259cf2b6,Sridhar Hanumappa,Y it os not opening,4,2026-09-22 10:25:30,10.85.3,Paytm
42a22bc4-1ec7-4b78-a51f-10911b0b48e2,Md. Ashraf Ali,thank you 😊,5,2026-09-22 10:24:30,10.83.12,Paytm
c8039c13-107b-4ad9-977f-e1185b44bbd9,Mayashankar Roy,good,5,2026-09-22 10:22:38,10.83.12,Paytm
28abdcaf-4344-4b7d-bf02-4c666a465863,Aksh Kosik,good aap,5,2026-09-22 10:16:34,10.85.3,Paytm
9b09df7b-06b6-4785-b460-fc1237a585f3,Dheeraj Vishwakarma,good 👍,5,2026-09-22 10:15:54,10.83.12,Paytm
f4bece96-6b5d-4259-8069-0b555a12419e,Akash Kendre,nice,5,2026-09-22 10:07:53,10.85.3,Paytm
86c98255-3dc9-4406-973e-fa4d589673c4,Nithin,super cool,5,2026-09-22 10:04:16,,Paytm
7cbc3e3c-beb7-40b9-838b-ee2c6e38123a,Aameer saiyed,"Your Video KYC process is absolutely terrible, and your Paytm app is also completely useless; I want to uninstall Paytm.",1,2026-09-22 10:00:55,10.85.3,Paytm
ca4b5635-9761-4830-95f1-523f54785650,Omprakash Dhaka,good,5,2026-09-22 10:00:27,10.83.12,Paytm
bdaed842-bbb4-454c-a05c-4532649ebf70,awdhesh prajapati,Good,5,2026-09-22 09:52:32,10.83.12,Paytm
552eaf89-7f7c-4567-8959-3ded79f3082e,Ashok Baban Gandhale,good app,5,2026-09-22 09:47:48,10.83.12,Paytm
a4b0bd2a-5d66-4902-adc8-f280a0ab91d0,Sanskruti Kamble,im not able to open this app it shows security alert,1,2026-09-22 09:41:34,10.85.3,Paytm
453eafe8-c574-4812-a542-925ed578a21e,Sikendra Kumar,very like upi app,5,2026-09-22 09:37:32,10.85.3,Paytm
6e7941f7-d954-4033-b651-f129148b07d9,Rid Ika,🥰,4,2026-09-22 09:27:22,10.84.5,Paytm
e475391e-8e47-46ff-a0ea-ec82e0ef6fab,Mani Rajput,👍😊,5,2026-09-22 09:18:40,10.85.3,Paytm
d5a71581-e511-493d-a490-4f8b405567e4,PANKAJ DHANWARE,good,5,2026-09-22 09:09:50,10.85.3,Paytm
d16ed0e1-1fee-48b0-93e2-3a48bb8e780d,Phsh Shh,ok,5,2026-09-22 09:09:16,10.85.3,Paytm
ac6001fb-db54-49f4-8a3c-42497701c0fd,SHAKTI RAJPOOT,nice,5,2026-09-22 09:04:21,10.85.3,Paytm
22a117b5-6b53-4a8a-9fa8-05ba97ffd2b9,NARESH DINBANDHU,good,5,2026-09-22 09:03:46,10.85.3,Paytm
a0a9082b-27d8-44f3-8c28-6311b4b6cf3d,Muhammad Aamir,Excellent service 👍,5,2026-09-22 09:03:29,10.85.3,Paytm
6c25fb4e-9ba8-40e9-8461-329385f074ef,Afreen Shaikh,fast service,5,2026-09-22 08:49:54,10.83.12,Paytm
6cd306fc-3573-43dc-a210-cd431cfee6d6,Nikhil Salava,good 👍,5,2026-09-22 08:43:12,10.83.12,Paytm
